都道府県コード又は市区町村コード,都道府県名,市区町村名,調査年月日,地域名,総人口,男性,女性,0-4歳の男性,0-4歳の女性,5-9歳の男性,5-9歳の女性,10-14歳の男性,10-14歳の女性,15-19歳の男性,15-19歳の女性,20-24歳の男性,20-24歳の女性,25-29歳の男性,25-29歳の女性,30-34歳の男性,30-34歳の女性,35-39歳の男性,35-39歳の女性,40-44歳の男性,40-44歳の女性,45-49歳の男性,45-49歳の女性,50-54歳の男性,50-54歳の女性,55-59歳の男性,55-59歳の女性,60-64歳の男性,60-64歳の女性,65-69歳の男性,65-69歳の女性,70-74歳の男性,70-74歳の女性,75-79歳の男性,75-79歳の女性,80-84歳の男性,80-84歳の女性,85-89歳の男性,85-89歳の女性,90歳以上の男性,90歳以上の女性,世帯数,備考
032018,岩手県,盛岡市,2025-09-30,盛岡市（総数）,275321,130120,145201,4132,3878,5166,5027,5998,5910,6446,6262,6487,6312,6154,6118,6902,6770,7507,7539,8419,8975,9755,9988,10680,10975,9223,9808,8925,9675,8522,9562,8447,9968,7816,10256,4885,7544,2963,5678,1693,4956,138914,
032018,岩手県,盛岡市,2025-09-30,内丸,191,93,98,1,0,2,0,1,0,3,2,9,9,7,8,5,2,6,4,7,2,8,9,7,11,11,8,5,7,6,4,4,8,5,8,5,7,1,6,0,3,126,
032018,岩手県,盛岡市,2025-09-30,中央通一丁目,362,161,201,4,2,4,3,7,3,9,5,4,8,9,10,10,8,9,10,8,8,12,19,7,16,14,19,18,17,11,16,15,16,10,11,7,11,3,14,0,5,228,
032018,岩手県,盛岡市,2025-09-30,中央通二丁目,594,276,318,11,10,11,12,12,12,13,19,11,17,22,15,17,13,15,17,20,19,20,32,29,27,24,17,22,23,16,20,11,17,10,20,5,13,7,8,0,7,330,
032018,岩手県,盛岡市,2025-09-30,中央通三丁目,1498,688,810,36,31,27,39,34,26,37,31,33,50,21,34,48,46,58,49,62,56,44,59,56,75,57,60,47,54,53,58,25,43,25,35,9,30,10,14,6,20,816,
032018,岩手県,盛岡市,2025-09-30,大通一丁目,50,28,22,1,0,1,1,0,0,0,1,0,1,2,3,6,0,1,2,3,0,5,1,3,1,3,3,1,1,0,1,0,2,0,2,0,2,0,1,2,0,33,
032018,岩手県,盛岡市,2025-09-30,大通二丁目,33,20,13,0,0,0,0,0,0,0,1,3,0,1,1,3,1,2,1,1,0,0,0,3,2,3,2,0,1,1,1,1,1,0,1,0,0,1,0,1,1,23,
032018,岩手県,盛岡市,2025-09-30,大通三丁目,613,275,338,3,4,3,7,8,8,12,8,19,13,11,15,12,14,14,9,14,11,18,28,30,28,19,36,30,33,22,34,22,27,20,29,7,15,7,5,4,14,381,
032018,岩手県,盛岡市,2025-09-30,菜園一丁目,127,66,61,1,0,2,1,0,3,1,2,2,3,8,3,7,3,5,6,6,3,3,9,4,3,7,3,5,2,3,5,1,4,3,2,1,3,6,4,1,2,92,
032018,岩手県,盛岡市,2025-09-30,菜園二丁目,254,109,145,1,3,6,2,2,4,1,5,5,3,4,3,3,4,3,2,9,11,12,7,13,8,6,19,5,8,10,13,6,16,15,17,5,5,1,11,2,4,158,
032018,岩手県,盛岡市,2025-09-30,大沢川原一丁目,157,71,86,1,1,1,2,4,3,2,0,0,4,1,0,4,3,3,3,6,6,4,5,10,9,10,5,4,7,5,5,5,11,3,7,5,9,3,2,0,4,106,
032018,岩手県,盛岡市,2025-09-30,大沢川原二丁目,570,267,303,9,12,9,9,14,10,8,10,6,9,9,16,24,16,14,16,15,23,28,21,18,21,29,25,27,25,14,27,14,18,19,16,7,15,2,5,1,9,317,
032018,岩手県,盛岡市,2025-09-30,大沢川原三丁目,474,211,263,2,1,3,4,6,4,5,5,19,14,18,12,13,14,19,9,8,13,17,22,20,28,18,15,14,22,17,25,11,20,8,23,6,14,5,7,2,11,349,
032018,岩手県,盛岡市,2025-09-30,開運橋通,606,265,341,7,5,1,11,12,10,14,15,15,12,7,14,15,20,18,12,13,13,17,26,22,20,25,25,26,32,20,22,13,30,23,30,8,15,6,12,3,17,397,
032018,岩手県,盛岡市,2025-09-30,本町通一丁目,1480,668,812,11,10,11,13,18,21,22,19,93,39,52,30,32,44,33,35,34,40,48,45,41,67,36,75,53,67,51,70,51,76,44,69,23,35,6,33,9,24,982,
032018,岩手県,盛岡市,2025-09-30,本町通二丁目,991,432,559,14,13,8,16,9,22,15,11,24,22,22,28,28,20,25,22,37,32,24,36,42,44,40,34,29,37,29,38,31,54,24,51,14,38,10,25,7,16,611,
032018,岩手県,盛岡市,2025-09-30,本町通三丁目,1643,752,891,13,19,25,18,30,20,28,48,39,36,45,43,41,46,46,41,43,49,57,62,60,63,69,74,66,83,68,94,50,55,34,58,19,38,13,21,6,23,961,
032018,岩手県,盛岡市,2025-09-30,長田町,1083,518,565,22,19,19,20,22,13,21,27,39,29,29,34,36,44,35,38,52,36,44,38,27,45,30,30,28,31,27,33,35,35,28,38,10,29,12,9,2,17,630,
032018,岩手県,盛岡市,2025-09-30,材木町,937,401,536,5,6,10,9,11,7,26,28,46,83,22,33,24,19,14,22,19,37,26,23,35,37,32,36,23,27,19,41,35,38,18,38,19,25,9,15,8,12,657,
032018,岩手県,盛岡市,2025-09-30,梨木町,653,313,340,6,14,10,4,9,12,15,13,29,22,17,20,21,12,18,16,23,22,23,18,17,20,18,28,20,23,26,18,18,21,22,22,9,27,5,16,7,12,389,
032018,岩手県,盛岡市,2025-09-30,愛宕町,957,455,502,14,5,16,17,16,25,24,13,24,20,14,19,19,19,27,24,26,28,28,43,54,56,40,44,32,38,24,21,25,35,28,36,25,24,8,16,11,19,489,
032018,岩手県,盛岡市,2025-09-30,名須川町,1202,573,629,18,15,23,23,28,21,22,30,30,30,35,32,30,34,29,32,41,38,46,55,46,51,47,40,40,45,38,35,21,42,37,37,25,26,7,21,10,22,669,
032018,岩手県,盛岡市,2025-09-30,北山一丁目,667,314,353,11,5,12,6,11,10,12,14,14,23,14,13,16,19,9,12,13,19,26,25,30,20,16,26,28,23,32,31,23,27,19,24,17,21,9,11,2,24,388,
032018,岩手県,盛岡市,2025-09-30,北山二丁目,745,339,406,9,13,12,13,19,13,17,9,13,22,8,13,14,10,13,19,25,26,34,36,25,18,23,28,26,17,16,28,25,34,26,40,17,30,9,22,8,15,382,
032018,岩手県,盛岡市,2025-09-30,上田一丁目,1455,697,758,28,19,29,22,38,33,36,31,52,53,61,58,35,43,34,35,33,54,51,56,61,53,51,48,57,52,41,28,34,41,26,42,18,31,7,29,5,30,830,
032018,岩手県,盛岡市,2025-09-30,上田二丁目,828,400,428,8,5,18,9,21,14,30,20,39,39,19,15,22,17,22,22,23,22,29,33,18,23,34,29,22,31,30,29,22,26,16,31,14,23,4,16,9,24,521,
032018,岩手県,盛岡市,2025-09-30,上田三丁目,1075,542,533,12,9,12,11,12,11,63,47,135,85,34,23,23,22,14,18,22,21,24,18,36,48,24,30,23,28,24,37,22,26,30,31,14,20,10,27,8,21,697,
032018,岩手県,盛岡市,2025-09-30,上田四丁目,903,432,471,8,9,6,11,16,15,37,31,87,63,26,26,12,20,24,20,20,19,21,28,28,43,33,34,30,43,35,29,12,13,12,26,12,15,9,11,4,15,545,
032018,岩手県,盛岡市,2025-09-30,西下台町,1310,632,678,21,20,19,23,26,22,33,54,94,78,46,44,44,42,37,38,42,47,48,47,42,47,44,36,27,29,34,29,27,31,23,29,13,26,6,21,6,15,790,
032018,岩手県,盛岡市,2025-09-30,館向町,1604,826,778,18,25,24,16,29,24,74,51,143,75,43,30,41,25,39,32,35,37,56,49,50,43,45,57,46,55,44,46,40,51,46,60,24,50,20,29,9,23,969,
032018,岩手県,盛岡市,2025-09-30,高松一丁目,1079,522,557,16,18,31,28,33,35,34,28,36,30,17,15,25,22,41,26,34,43,33,51,30,35,38,35,26,32,44,38,31,30,23,32,14,18,9,15,7,26,532,
032018,岩手県,盛岡市,2025-09-30,高松二丁目,1729,893,836,21,21,27,25,28,33,67,50,157,68,47,43,57,47,57,43,45,51,46,42,47,59,46,56,54,49,53,65,51,44,30,42,26,33,24,28,10,37,1026,
032018,岩手県,盛岡市,2025-09-30,高松三丁目,1277,605,672,30,27,20,28,34,32,38,41,33,28,29,33,32,33,32,34,34,47,43,43,57,72,44,46,56,42,29,29,27,23,26,51,19,25,12,15,10,23,606,
032018,岩手県,盛岡市,2025-09-30,高松四丁目,1669,796,873,32,27,28,31,23,25,36,51,71,80,38,46,48,42,51,47,48,49,52,39,56,52,63,60,47,56,53,51,45,46,38,49,30,44,23,45,14,33,992,
032018,岩手県,盛岡市,2025-09-30,山岸一丁目,775,348,427,7,14,11,15,15,19,21,23,14,16,14,15,16,11,18,22,19,25,34,33,26,27,24,27,30,30,27,25,16,30,25,26,11,28,12,20,8,21,408,
032018,岩手県,盛岡市,2025-09-30,山岸二丁目,909,430,479,11,15,18,25,28,17,26,16,16,14,14,20,19,13,16,22,22,33,34,30,32,33,38,35,33,41,28,26,26,34,26,37,19,27,15,20,9,21,426,
032018,岩手県,盛岡市,2025-09-30,山岸三丁目,1089,496,593,17,6,20,18,37,18,18,36,17,26,13,15,12,14,23,24,36,34,38,46,36,44,35,39,30,34,19,33,42,52,50,54,23,48,26,29,4,23,537,
032018,岩手県,盛岡市,2025-09-30,山岸四丁目,861,401,460,13,9,14,20,17,18,16,15,11,14,15,10,15,24,19,16,26,26,25,19,32,34,20,24,26,29,25,31,40,49,32,43,31,22,16,35,8,22,427,
032018,岩手県,盛岡市,2025-09-30,山岸五丁目,473,225,248,1,7,7,4,9,8,10,6,6,8,10,6,4,3,13,11,10,12,22,17,20,18,16,15,14,16,26,24,13,16,12,26,12,21,14,20,6,10,245,
032018,岩手県,盛岡市,2025-09-30,山岸六丁目,1708,813,895,21,28,30,32,27,29,48,54,45,41,27,30,31,30,28,33,42,41,53,64,80,74,84,80,72,60,37,50,45,49,55,78,48,59,30,40,10,23,765,
032018,岩手県,盛岡市,2025-09-30,緑が丘一丁目,803,391,412,19,18,19,20,18,15,12,14,9,14,21,20,30,20,19,30,21,23,36,35,35,29,23,25,26,24,15,16,25,32,29,29,11,22,13,15,10,11,400,
032018,岩手県,盛岡市,2025-09-30,緑が丘二丁目,1518,708,810,10,18,35,31,57,53,68,77,42,37,14,25,16,23,30,32,48,60,91,91,67,72,51,62,58,53,29,36,32,37,26,40,10,30,16,20,8,13,651,
032018,岩手県,盛岡市,2025-09-30,緑が丘三丁目,1607,728,879,31,17,28,32,39,48,45,43,27,29,30,18,39,41,37,44,53,46,40,63,60,71,53,59,55,63,51,47,41,66,39,58,35,55,12,37,13,42,784,
032018,岩手県,盛岡市,2025-09-30,緑が丘四丁目,915,411,504,16,9,16,19,15,17,24,15,19,24,12,17,18,19,25,22,33,38,23,24,24,36,34,32,24,34,33,34,31,46,22,37,22,43,16,18,4,20,459,
032018,岩手県,盛岡市,2025-09-30,東緑が丘,1401,665,736,14,11,15,24,21,25,25,18,19,20,19,28,30,29,30,20,34,34,33,41,51,51,55,66,59,68,68,52,58,69,58,57,37,47,26,41,13,35,712,
032018,岩手県,盛岡市,2025-09-30,黒石野一丁目,1286,601,685,21,11,24,21,40,28,25,20,17,15,19,14,27,32,28,39,32,41,38,37,42,45,41,46,45,54,45,48,46,55,40,52,37,60,19,30,15,37,640,
032018,岩手県,盛岡市,2025-09-30,黒石野二丁目,1110,515,595,25,19,40,29,29,35,28,28,27,32,25,26,27,25,28,37,32,37,29,34,48,51,39,46,32,48,27,23,24,33,25,36,17,23,7,23,6,10,486,
032018,岩手県,盛岡市,2025-09-30,黒石野三丁目,1003,480,523,14,13,19,18,32,20,18,19,27,24,23,29,32,24,22,32,32,39,26,30,35,40,34,41,39,45,38,47,43,46,25,14,10,22,8,13,3,7,464,
032018,岩手県,盛岡市,2025-09-30,岩脇町,540,261,279,8,8,12,13,10,10,13,7,8,11,14,5,12,11,12,14,18,12,15,17,22,22,16,19,13,18,15,23,21,19,25,34,14,18,9,13,4,5,260,
032018,岩手県,盛岡市,2025-09-30,箱清水一丁目,1405,658,747,19,19,32,29,33,25,33,26,18,24,21,22,24,35,40,31,47,49,44,39,58,57,35,42,48,52,40,61,44,53,53,60,38,48,19,42,12,33,712,
032018,岩手県,盛岡市,2025-09-30,箱清水二丁目,256,116,140,2,6,6,3,4,4,5,4,1,5,5,3,6,8,4,7,8,2,10,12,7,10,6,9,8,10,6,7,14,16,5,12,8,7,6,8,5,7,128,
032018,岩手県,盛岡市,2025-09-30,松園一丁目,1083,484,599,10,6,16,15,21,15,20,33,18,17,13,15,11,9,9,21,13,19,44,34,46,43,44,45,37,28,18,23,24,49,37,77,51,68,37,57,15,25,529,
032018,岩手県,盛岡市,2025-09-30,松園二丁目,944,424,520,5,8,12,8,14,15,19,20,13,14,16,13,6,12,10,18,20,14,25,26,38,41,42,34,37,36,21,17,22,35,30,51,40,83,36,50,18,25,488,
032018,岩手県,盛岡市,2025-09-30,松園三丁目,586,265,321,5,1,5,5,19,6,14,15,9,9,4,5,5,8,16,10,13,21,18,17,22,21,18,32,14,17,24,22,14,32,28,34,23,25,8,20,6,21,315,
032018,岩手県,盛岡市,2025-09-30,東松園一丁目,1148,515,633,14,13,19,21,24,33,30,36,16,22,11,15,19,18,26,27,36,33,31,34,45,43,14,35,36,35,32,43,44,48,49,71,40,55,21,31,8,20,587,
032018,岩手県,盛岡市,2025-09-30,東松園二丁目,255,121,134,1,2,3,4,3,7,4,9,5,2,2,3,5,3,3,2,5,9,12,5,8,9,7,3,4,8,5,8,14,11,22,27,12,14,5,3,1,5,113,
032018,岩手県,盛岡市,2025-09-30,東松園三丁目,748,362,386,4,4,8,8,10,9,12,7,9,7,5,6,7,12,17,12,19,18,24,23,19,21,15,24,26,22,32,32,30,39,51,77,45,37,16,18,13,10,363,
032018,岩手県,盛岡市,2025-09-30,東松園四丁目,481,200,281,1,1,3,5,10,9,11,11,14,8,1,6,3,3,8,6,13,12,14,19,18,24,9,20,8,19,10,18,16,33,31,32,21,30,9,18,0,7,272,
032018,岩手県,盛岡市,2025-09-30,西松園一丁目,487,227,260,7,9,7,10,5,7,11,8,8,5,12,8,8,10,11,10,11,17,11,8,14,14,16,18,10,13,4,12,14,19,32,48,27,24,12,11,7,9,235,
032018,岩手県,盛岡市,2025-09-30,西松園二丁目,548,247,301,3,4,6,7,10,15,13,15,17,9,12,10,8,11,9,10,10,7,22,18,19,22,14,17,11,21,5,10,15,33,28,33,23,22,15,22,7,15,306,
032018,岩手県,盛岡市,2025-09-30,西松園三丁目,518,240,278,3,1,4,7,6,5,8,4,4,8,5,6,6,3,7,6,5,7,12,13,27,21,18,24,16,13,7,13,14,24,29,46,40,41,18,20,11,16,262,
032018,岩手県,盛岡市,2025-09-30,西松園四丁目,742,332,410,2,3,8,7,11,10,15,16,7,15,3,10,6,7,7,11,9,14,21,27,34,31,33,33,27,21,16,12,15,24,39,71,40,55,33,26,6,17,370,
032018,岩手県,盛岡市,2025-09-30,紅葉が丘,642,278,364,1,7,10,11,9,16,5,13,6,9,10,8,14,17,14,18,13,16,19,18,27,18,29,21,29,24,21,29,22,25,21,33,10,26,11,30,7,25,333,
032018,岩手県,盛岡市,2025-09-30,上田堤一丁目,609,291,318,8,11,12,8,16,8,9,8,6,6,8,13,16,17,19,16,18,12,13,23,35,25,16,28,19,17,19,22,15,26,22,24,20,24,13,16,7,14,325,
032018,岩手県,盛岡市,2025-09-30,上田堤二丁目,976,463,513,12,13,26,31,21,20,16,27,23,5,10,12,20,22,28,25,24,34,35,33,39,41,42,34,25,26,32,34,29,28,28,39,25,36,14,29,14,24,453,
032018,岩手県,盛岡市,2025-09-30,三ツ割一丁目,220,101,119,2,0,3,3,6,2,2,6,6,2,1,5,3,4,4,7,2,3,8,8,9,9,10,14,6,8,9,7,7,6,9,10,9,10,4,4,1,11,123,
032018,岩手県,盛岡市,2025-09-30,三ツ割二丁目,290,144,146,3,4,4,6,2,5,5,3,7,5,5,6,10,1,3,6,12,7,16,5,6,15,16,16,15,10,7,7,13,6,7,18,7,8,3,9,3,9,144,
032018,岩手県,盛岡市,2025-09-30,三ツ割三丁目,559,268,291,11,8,16,13,12,10,13,6,10,8,10,12,8,14,12,18,17,13,15,17,14,23,23,18,19,25,28,18,16,28,18,22,12,14,10,13,4,11,268,
032018,岩手県,盛岡市,2025-09-30,三ツ割四丁目,445,217,228,14,11,21,19,21,15,9,10,4,9,6,4,18,22,14,19,19,17,19,16,11,15,13,8,9,8,10,12,5,12,15,11,4,7,4,7,1,6,187,
032018,岩手県,盛岡市,2025-09-30,三ツ割五丁目,619,285,334,7,5,11,11,15,16,15,12,5,9,14,12,13,7,14,12,17,21,22,26,28,20,19,20,23,31,25,26,15,25,20,33,12,19,8,13,2,16,291,
032018,岩手県,盛岡市,2025-09-30,岩清水,370,180,190,2,6,5,6,5,3,10,2,4,3,6,8,9,4,9,3,4,13,13,12,16,12,19,19,16,14,13,17,17,20,17,16,10,22,3,8,2,2,185,
032018,岩手県,盛岡市,2025-09-30,東黒石野一丁目,486,236,250,2,4,4,6,9,9,7,4,9,11,6,6,6,5,10,6,14,15,15,18,19,16,26,22,14,15,19,24,29,31,24,29,18,18,3,8,2,3,252,
032018,岩手県,盛岡市,2025-09-30,東黒石野二丁目,389,191,198,2,4,10,5,4,3,7,10,11,7,3,4,6,4,8,9,12,12,13,15,17,20,11,14,13,8,16,17,16,26,23,19,12,14,6,5,1,2,200,
032018,岩手県,盛岡市,2025-09-30,東黒石野三丁目,339,170,169,1,7,9,4,6,7,7,12,9,5,10,6,8,10,6,7,6,11,12,13,18,7,16,13,15,12,14,10,11,17,14,15,4,8,3,2,1,3,163,
032018,岩手県,盛岡市,2025-09-30,桜台一丁目,1181,561,620,4,8,12,19,22,22,12,15,9,12,11,14,27,15,24,28,35,31,35,25,35,40,37,53,54,74,94,84,53,61,55,49,24,35,14,20,4,15,558,
032018,岩手県,盛岡市,2025-09-30,桜台二丁目,751,366,385,10,5,7,6,17,16,19,11,6,8,10,9,13,15,16,19,22,28,27,19,15,20,24,15,33,38,45,60,54,43,28,28,11,12,6,25,3,8,362,
032018,岩手県,盛岡市,2025-09-30,桜台三丁目,405,205,200,4,1,6,4,4,3,5,5,6,1,8,5,6,7,7,11,6,8,10,8,10,10,16,17,34,28,29,26,25,26,15,12,7,15,6,6,1,7,208,
032018,岩手県,盛岡市,2025-09-30,北松園一丁目,555,263,292,2,2,7,7,11,3,8,5,8,9,3,7,10,8,12,16,17,18,10,12,8,9,7,13,30,50,58,52,37,33,19,22,6,9,6,12,4,5,246,
032018,岩手県,盛岡市,2025-09-30,北松園二丁目,853,408,445,6,4,7,3,9,9,9,14,8,8,9,10,8,12,24,16,20,15,24,27,23,14,18,22,21,34,57,64,79,91,61,61,17,14,7,14,1,13,413,
032018,岩手県,盛岡市,2025-09-30,北松園三丁目,841,407,434,7,1,8,7,12,9,9,10,10,10,12,8,12,10,17,17,17,19,21,19,18,18,16,22,38,55,64,68,65,68,51,41,15,24,12,16,3,12,399,
032018,岩手県,盛岡市,2025-09-30,北松園四丁目,1173,557,616,13,17,9,18,21,34,32,15,22,22,12,14,13,19,33,20,29,42,46,41,40,41,38,42,50,54,52,72,69,68,51,44,18,27,4,14,5,12,535,
032018,岩手県,盛岡市,2025-09-30,小鳥沢一丁目,1123,551,572,11,9,19,10,21,21,32,32,25,30,17,13,21,18,23,21,32,34,41,29,36,39,27,39,51,60,56,85,82,71,35,33,15,13,1,7,6,8,495,
032018,岩手県,盛岡市,2025-09-30,小鳥沢二丁目,1142,529,613,5,3,11,20,14,20,20,20,19,20,21,23,25,28,27,23,20,27,27,30,32,40,45,54,83,105,75,80,56,51,26,30,13,14,5,13,5,12,512,
032018,岩手県,盛岡市,2025-09-30,下米内一丁目,630,305,325,10,7,21,14,20,16,12,13,6,11,11,7,13,12,14,16,18,24,24,28,20,19,22,28,20,12,19,29,28,27,27,25,5,19,9,9,6,9,274,
032018,岩手県,盛岡市,2025-09-30,下米内二丁目,620,287,333,8,4,10,14,18,24,11,9,7,10,12,11,8,12,10,13,13,25,24,20,16,16,20,20,17,28,28,26,34,36,25,31,14,16,7,10,5,8,267,
032018,岩手県,盛岡市,2025-09-30,中ノ橋通一丁目,783,334,449,11,16,16,16,11,20,14,15,21,24,12,13,29,33,19,24,22,22,25,47,31,41,33,36,14,39,21,31,22,23,13,17,11,11,6,11,3,10,409,
032018,岩手県,盛岡市,2025-09-30,中ノ橋通二丁目,454,178,276,2,7,3,6,2,7,2,4,13,15,10,11,12,10,14,15,18,13,9,17,18,17,14,13,6,14,9,15,11,22,12,19,9,24,7,22,7,25,321,
032018,岩手県,盛岡市,2025-09-30,紺屋町,424,193,231,4,3,13,7,6,5,3,4,11,5,12,13,14,16,12,8,15,16,13,18,15,10,13,19,7,20,18,22,18,23,8,19,6,7,2,10,3,6,267,
032018,岩手県,盛岡市,2025-09-30,神明町,578,257,321,8,11,10,3,7,7,7,7,11,11,16,14,14,19,24,22,22,21,17,20,18,17,21,20,19,23,13,25,14,22,16,29,11,25,6,13,3,12,371,
032018,岩手県,盛岡市,2025-09-30,志家町,879,377,502,9,13,9,10,12,22,17,18,14,32,25,32,24,30,25,26,22,31,26,33,52,58,28,30,35,40,25,34,17,23,23,30,7,16,3,13,4,11,507,
032018,岩手県,盛岡市,2025-09-30,若園町,440,192,248,12,3,7,6,5,5,9,10,8,8,7,13,8,13,12,9,10,17,13,20,19,22,18,24,10,14,19,13,9,21,10,16,11,15,2,11,3,8,237,
032018,岩手県,盛岡市,2025-09-30,住吉町,869,415,454,11,11,20,13,22,15,13,19,21,17,21,28,24,17,18,22,26,27,27,36,42,40,50,44,34,32,32,31,15,20,20,19,6,25,11,18,2,20,441,
032018,岩手県,盛岡市,2025-09-30,上ノ橋町,510,231,279,7,4,4,9,11,11,10,13,13,18,10,13,8,9,11,8,15,17,17,20,21,29,19,28,27,27,27,21,13,9,10,20,5,7,0,8,3,8,274,
032018,岩手県,盛岡市,2025-09-30,天神町,665,306,359,6,6,10,18,19,21,16,18,16,11,14,12,21,18,20,21,17,19,25,29,26,34,25,28,20,29,21,22,18,20,14,16,11,17,6,14,1,6,349,
032018,岩手県,盛岡市,2025-09-30,加賀野一丁目,1045,485,560,19,14,29,24,35,31,24,20,14,22,25,19,26,23,16,27,30,36,40,52,55,53,36,42,30,28,26,29,22,24,20,29,13,31,18,20,7,36,528,
032018,岩手県,盛岡市,2025-09-30,加賀野二丁目,534,256,278,7,3,13,5,14,13,15,15,15,12,14,10,10,9,18,13,17,20,20,25,15,22,18,29,15,18,14,17,16,21,16,20,11,9,5,9,3,8,277,
032018,岩手県,盛岡市,2025-09-30,加賀野三丁目,778,380,398,7,7,15,15,22,13,21,25,23,17,26,10,20,12,8,17,17,19,29,38,49,44,36,38,26,36,21,21,19,17,15,25,15,14,7,13,4,17,379,
032018,岩手県,盛岡市,2025-09-30,加賀野四丁目,1019,442,577,7,20,21,20,27,34,17,25,11,10,13,12,19,29,25,24,27,28,31,34,36,29,23,35,36,35,33,34,32,48,31,56,31,39,15,35,7,30,580,
032018,岩手県,盛岡市,2025-09-30,肴町,1256,512,744,13,6,16,16,17,16,23,19,25,23,17,13,15,22,21,29,34,45,37,39,38,55,41,60,49,67,42,59,40,72,41,73,19,49,13,40,11,41,754,
032018,岩手県,盛岡市,2025-09-30,下ノ橋町,474,213,261,6,3,5,4,7,6,10,10,10,13,8,9,7,4,8,9,13,15,11,19,19,22,25,23,12,14,16,24,20,24,21,23,8,16,4,14,3,9,260,
032018,岩手県,盛岡市,2025-09-30,馬場町,664,308,356,9,11,9,6,14,10,4,10,11,10,18,20,10,14,21,16,22,22,18,24,28,20,22,32,25,29,24,28,34,24,14,32,13,18,5,16,7,14,373,
032018,岩手県,盛岡市,2025-09-30,清水町,1606,690,916,14,16,19,21,28,28,29,37,28,33,40,51,39,44,45,38,45,58,42,61,67,72,58,68,67,83,49,70,41,57,36,84,23,44,15,28,5,23,949,
032018,岩手県,盛岡市,2025-09-30,南大通一丁目,591,247,344,4,5,2,7,8,12,9,13,8,12,12,13,6,9,16,13,13,21,22,23,18,41,34,29,24,29,17,22,23,30,19,28,5,21,3,9,4,7,370,
032018,岩手県,盛岡市,2025-09-30,南大通二丁目,706,315,391,6,3,8,9,7,9,15,16,7,8,17,8,15,20,14,22,12,19,20,35,26,45,35,35,32,31,27,41,33,27,23,26,8,16,7,14,3,7,405,
032018,岩手県,盛岡市,2025-09-30,南大通三丁目,791,375,416,5,10,9,10,16,10,17,10,22,13,24,22,18,16,18,18,21,21,22,35,30,39,44,37,32,40,38,34,20,30,21,26,9,22,7,11,2,12,444,
032018,岩手県,盛岡市,2025-09-30,八幡町,700,298,402,6,4,4,6,4,10,9,16,12,14,16,19,17,17,19,25,14,19,18,33,27,25,28,25,31,32,29,27,25,29,17,38,13,26,6,17,3,20,432,
032018,岩手県,盛岡市,2025-09-30,松尾町,537,252,285,7,6,5,5,7,12,5,7,8,8,13,6,7,8,18,17,12,14,24,14,23,14,25,21,21,19,10,18,15,27,23,35,15,15,9,18,5,21,312,
032018,岩手県,盛岡市,2025-09-30,大慈寺町,99,42,57,0,0,0,0,2,5,0,1,2,3,1,0,1,0,1,1,2,4,4,2,4,5,5,6,4,7,3,2,3,7,5,2,2,6,3,2,0,4,51,
032018,岩手県,盛岡市,2025-09-30,鉈屋町,604,261,343,6,8,11,10,6,8,7,11,9,14,12,16,14,19,12,15,18,20,21,22,26,26,25,29,20,22,18,19,19,21,11,21,8,23,11,20,7,19,321,
032018,岩手県,盛岡市,2025-09-30,神子田町,1106,531,575,13,11,21,18,21,19,29,30,23,27,31,29,40,25,33,34,30,24,43,44,41,45,46,58,34,40,26,27,28,39,30,37,27,32,11,25,4,11,590,
032018,岩手県,盛岡市,2025-09-30,茶畑一丁目,879,399,480,14,5,11,12,17,21,15,22,16,23,14,14,19,17,22,23,28,27,28,32,39,33,27,31,19,38,30,35,35,38,30,47,20,32,8,17,7,13,505,
032018,岩手県,盛岡市,2025-09-30,茶畑二丁目,918,445,473,12,14,22,21,21,19,25,18,11,22,15,18,21,24,26,24,29,28,40,32,37,36,31,23,28,26,21,17,27,41,35,34,25,34,8,20,11,22,495,
032018,岩手県,盛岡市,2025-09-30,中野一丁目,903,404,499,15,18,12,13,10,15,22,13,18,23,18,27,35,36,28,33,30,38,33,34,24,35,28,41,17,29,31,41,28,24,25,25,16,22,8,16,6,16,517,
032018,岩手県,盛岡市,2025-09-30,中野二丁目,562,256,306,4,3,8,9,11,13,9,12,14,16,9,9,10,12,15,18,14,17,31,28,23,25,22,20,17,19,12,17,13,23,17,26,16,16,7,13,4,10,307,
032018,岩手県,盛岡市,2025-09-30,新庄町,448,205,243,2,1,10,10,6,11,8,7,10,5,15,8,12,9,14,13,12,22,15,15,13,12,14,18,14,18,12,14,18,21,18,20,10,9,2,19,0,11,254,
032018,岩手県,盛岡市,2025-09-30,高崩,25,13,12,0,0,0,0,0,0,0,0,0,0,0,0,0,0,1,0,1,0,0,0,3,0,2,1,0,2,2,2,2,3,1,1,1,1,0,0,0,2,13,
032018,岩手県,盛岡市,2025-09-30,山王町,1038,493,545,16,5,23,14,22,19,21,23,27,31,35,22,33,36,29,27,23,26,44,48,40,62,41,41,27,25,28,29,32,44,23,33,15,30,11,11,3,19,545,
032018,岩手県,盛岡市,2025-09-30,東中野町,707,326,381,4,6,14,10,4,12,13,14,27,37,18,19,20,24,20,21,21,19,14,20,29,21,28,30,25,32,29,33,28,13,8,27,13,15,6,19,5,9,396,
032018,岩手県,盛岡市,2025-09-30,小杉山,337,150,187,5,3,1,2,3,6,5,6,3,7,9,3,9,6,9,8,5,8,7,11,13,12,16,15,14,19,16,16,11,18,13,10,8,17,2,10,1,10,171,
032018,岩手県,盛岡市,2025-09-30,東新庄一丁目,463,225,238,5,11,10,2,7,13,12,7,7,9,9,9,10,5,18,22,14,13,13,14,18,13,13,11,19,26,12,12,20,10,12,21,13,12,7,16,6,12,230,
032018,岩手県,盛岡市,2025-09-30,東新庄二丁目,619,297,322,7,8,2,12,6,9,18,10,11,3,7,5,8,13,18,9,19,21,28,24,26,23,21,22,23,22,25,21,22,31,35,26,10,29,6,16,5,18,325,
032018,岩手県,盛岡市,2025-09-30,東桜山（※3）,433,217,216,4,7,7,7,9,4,6,7,9,6,9,4,15,12,8,12,12,9,18,14,14,9,20,15,15,22,15,18,16,17,19,19,11,7,6,11,4,16,231,※3　加賀野字を含む。
032018,岩手県,盛岡市,2025-09-30,つつじが丘,1066,492,574,13,5,11,12,14,14,14,19,19,8,18,15,15,15,19,16,17,24,22,23,45,45,45,51,42,38,32,33,43,48,26,53,36,66,40,50,21,39,573,
032018,岩手県,盛岡市,2025-09-30,東山一丁目,1769,833,936,13,10,40,27,53,29,44,32,39,46,35,47,34,40,41,47,44,52,54,57,69,64,62,58,62,65,57,79,55,65,58,87,38,51,19,46,16,34,967,
032018,岩手県,盛岡市,2025-09-30,東山二丁目,587,284,303,7,7,9,13,14,15,8,9,7,5,7,4,15,13,18,14,12,13,23,21,24,22,17,18,16,16,21,21,17,20,28,32,27,27,4,18,10,15,296,
032018,岩手県,盛岡市,2025-09-30,川目町,504,254,250,3,4,1,5,4,11,10,8,16,8,19,12,11,6,12,6,16,13,20,15,18,18,22,18,28,18,15,18,17,21,15,25,18,23,7,9,2,12,273,
032018,岩手県,盛岡市,2025-09-30,東安庭一丁目,1352,636,716,10,16,21,14,40,35,58,81,65,62,32,24,16,21,17,17,23,32,66,82,98,112,81,78,41,33,20,29,19,14,13,26,10,15,2,11,4,14,525,
032018,岩手県,盛岡市,2025-09-30,東安庭二丁目,350,171,179,5,6,4,2,2,4,7,7,8,9,14,11,10,10,7,5,12,6,8,7,22,15,18,19,16,19,12,6,8,3,6,21,6,11,5,11,1,7,194,
032018,岩手県,盛岡市,2025-09-30,東安庭三丁目,644,330,314,8,5,6,3,18,11,17,13,14,18,17,16,17,22,30,16,25,29,34,22,29,33,20,26,16,21,22,16,22,18,19,24,11,15,5,2,0,4,348,
032018,岩手県,盛岡市,2025-09-30,門一丁目,869,416,453,17,15,9,20,21,16,16,16,17,19,41,37,35,30,35,34,39,44,30,26,43,31,27,39,25,37,22,34,18,19,14,16,2,6,5,6,0,8,484,
032018,岩手県,盛岡市,2025-09-30,門二丁目,712,362,350,17,13,17,7,12,11,12,4,9,21,21,33,30,27,28,25,34,20,28,32,28,36,26,19,35,27,28,23,10,13,13,14,12,7,1,7,1,11,409,
032018,岩手県,盛岡市,2025-09-30,浅岸一丁目,676,324,352,10,8,17,10,23,29,29,23,13,9,10,9,8,9,14,21,18,26,30,40,39,29,21,16,13,22,29,20,19,22,15,21,9,8,4,18,3,12,313,
032018,岩手県,盛岡市,2025-09-30,浅岸二丁目,668,298,370,5,13,16,16,10,17,17,10,8,8,13,12,11,19,23,22,21,23,16,22,19,21,18,24,33,28,22,28,23,24,18,19,10,23,10,21,5,20,341,
032018,岩手県,盛岡市,2025-09-30,浅岸三丁目,1355,619,736,33,31,40,33,50,68,41,40,21,32,33,27,32,34,33,55,57,63,60,62,65,58,40,38,36,28,16,12,15,24,17,28,17,24,8,36,5,43,630,
032018,岩手県,盛岡市,2025-09-30,盛岡駅前通,792,352,440,9,3,6,12,21,25,19,24,20,21,12,17,14,13,14,16,21,26,28,42,51,59,39,46,30,42,24,24,17,23,11,21,12,11,4,8,0,7,417,
032018,岩手県,盛岡市,2025-09-30,盛岡駅前北通,1147,511,636,10,3,10,8,14,6,16,25,31,48,16,32,14,19,25,22,25,27,23,35,41,40,44,72,68,68,63,85,42,55,32,41,18,23,13,18,6,9,688,
032018,岩手県,盛岡市,2025-09-30,盛岡駅西通一丁目,1400,638,762,31,26,29,24,23,27,24,39,29,38,34,35,38,45,50,46,46,47,43,60,68,84,63,63,38,53,37,42,28,37,24,38,17,32,14,20,2,6,718,
032018,岩手県,盛岡市,2025-09-30,盛岡駅西通二丁目,602,287,315,5,5,4,4,12,8,21,15,24,23,14,15,16,9,16,11,16,20,22,19,32,38,26,34,27,31,17,23,9,22,17,19,2,7,5,5,2,7,345,
032018,岩手県,盛岡市,2025-09-30,夕顔瀬町,1070,482,588,7,5,14,13,16,21,26,15,31,46,36,30,37,29,20,27,19,40,38,32,38,46,25,53,50,41,42,52,33,42,25,35,18,28,1,14,6,19,614,
032018,岩手県,盛岡市,2025-09-30,北夕顔瀬町,1137,554,583,25,19,19,21,24,14,28,33,26,28,41,35,44,37,41,34,47,27,45,44,31,36,29,30,27,46,36,40,36,50,32,33,20,21,0,19,3,16,617,
032018,岩手県,盛岡市,2025-09-30,前九年一丁目,543,283,260,8,6,9,8,9,9,25,5,30,21,25,22,22,19,19,12,12,21,18,15,20,21,19,18,11,12,21,20,8,10,14,10,7,12,2,7,4,12,321,
032018,岩手県,盛岡市,2025-09-30,前九年二丁目,979,455,524,13,15,24,25,17,22,14,14,29,30,23,27,32,35,27,33,38,33,39,39,29,36,32,35,35,37,34,24,19,28,22,31,14,19,8,23,6,18,550,
032018,岩手県,盛岡市,2025-09-30,前九年三丁目,1887,902,985,35,15,33,23,31,25,40,37,57,61,51,54,55,60,55,47,54,55,68,77,82,72,76,71,69,70,39,57,49,65,42,73,38,52,14,39,14,32,1053,
032018,岩手県,盛岡市,2025-09-30,安倍館町,1075,490,585,5,15,14,12,20,15,20,20,42,17,42,34,27,30,17,31,31,32,31,34,36,65,46,39,31,40,28,28,29,41,31,37,22,32,12,32,6,31,611,
032018,岩手県,盛岡市,2025-09-30,新田町,1191,567,624,15,19,15,9,16,14,27,26,36,38,53,53,49,44,31,27,28,29,34,36,39,44,45,39,47,49,45,52,38,46,26,42,10,25,8,16,5,16,687,
032018,岩手県,盛岡市,2025-09-30,城西町,1031,479,552,15,11,20,16,12,21,19,26,32,22,36,31,34,27,35,26,30,27,35,38,25,36,31,38,38,47,39,45,29,32,21,37,14,23,10,23,4,26,569,
032018,岩手県,盛岡市,2025-09-30,境田町,1424,679,745,32,12,25,31,37,26,40,32,29,31,31,31,51,41,54,40,53,61,51,45,39,52,43,54,43,49,47,52,33,45,31,53,19,35,13,30,8,25,715,
032018,岩手県,盛岡市,2025-09-30,天昌寺町,692,336,356,16,8,8,9,5,14,14,17,22,35,15,14,22,10,20,20,26,27,21,21,22,27,24,13,19,25,29,25,31,25,17,28,15,16,3,12,7,10,378,
032018,岩手県,盛岡市,2025-09-30,中屋敷町,927,422,505,10,17,9,8,22,22,25,16,13,18,18,15,13,12,17,20,36,30,27,30,38,41,35,43,30,30,29,41,35,43,27,44,22,29,9,29,7,17,482,
032018,岩手県,盛岡市,2025-09-30,青山一丁目,1163,536,627,18,26,37,28,40,37,53,42,36,36,17,20,21,19,36,38,27,44,49,52,39,44,44,46,26,36,30,25,20,33,22,31,5,38,7,15,9,17,588,
032018,岩手県,盛岡市,2025-09-30,青山二丁目,750,312,438,3,7,12,15,10,12,15,12,9,11,10,13,12,11,13,24,21,21,20,27,23,24,22,23,34,26,26,47,24,42,33,51,13,27,7,26,5,19,426,
032018,岩手県,盛岡市,2025-09-30,青山三丁目,1583,700,883,8,15,33,30,48,36,38,39,38,27,26,34,23,31,27,38,48,52,46,68,65,64,58,66,82,91,44,59,45,73,35,63,23,42,10,28,3,27,882,
032018,岩手県,盛岡市,2025-09-30,青山四丁目,1115,561,554,12,4,19,12,27,18,20,18,21,21,26,18,25,15,32,19,31,29,50,32,46,50,52,43,48,50,36,44,32,51,37,47,25,30,15,22,7,31,621,
032018,岩手県,盛岡市,2025-09-30,上堂一丁目,1610,746,864,38,33,31,38,32,29,27,36,30,37,52,45,59,50,55,55,51,59,44,51,62,53,38,52,38,58,44,49,42,50,48,61,32,37,19,38,4,33,868,
032018,岩手県,盛岡市,2025-09-30,上堂二丁目,431,209,222,7,8,6,4,9,11,10,9,10,6,13,12,15,8,15,13,10,14,25,20,14,17,16,19,10,15,13,11,8,16,14,8,6,15,4,7,4,9,222,
032018,岩手県,盛岡市,2025-09-30,上堂三丁目,1325,648,677,13,19,20,26,32,26,22,27,49,40,43,41,37,35,26,31,42,36,55,57,71,47,38,38,30,37,41,31,40,47,41,51,28,32,13,36,7,20,716,
032018,岩手県,盛岡市,2025-09-30,上堂四丁目,527,268,259,19,4,6,2,5,11,7,10,20,16,18,19,24,11,16,19,16,9,24,18,18,24,18,15,14,16,15,16,11,14,17,21,11,15,4,10,5,9,281,
032018,岩手県,盛岡市,2025-09-30,月が丘一丁目,1357,621,736,14,9,25,21,21,16,19,26,27,40,29,30,27,28,31,25,37,61,49,42,56,57,49,51,48,59,53,51,45,46,36,55,24,45,13,39,18,35,755,
032018,岩手県,盛岡市,2025-09-30,月が丘二丁目,924,400,524,10,10,18,6,15,24,29,29,24,20,17,16,13,18,12,17,17,38,34,31,27,50,34,39,29,42,21,35,28,39,41,43,12,32,11,23,8,12,493,
032018,岩手県,盛岡市,2025-09-30,月が丘三丁目,2474,1097,1377,29,27,37,40,48,53,62,45,46,45,49,56,48,47,55,57,71,86,65,73,76,106,78,97,83,94,76,82,73,110,81,104,48,99,49,93,23,63,1292,
032018,岩手県,盛岡市,2025-09-30,西青山一丁目,1263,560,703,17,17,21,32,41,41,37,36,24,24,32,24,28,33,28,35,48,51,45,48,39,47,36,50,29,36,24,44,40,46,34,40,18,45,10,26,9,28,607,
032018,岩手県,盛岡市,2025-09-30,西青山二丁目,2244,1032,1212,33,49,55,52,44,46,34,54,37,55,38,38,65,67,70,66,64,72,73,58,85,81,63,77,78,72,72,77,60,84,64,78,41,68,35,56,21,62,1082,
032018,岩手県,盛岡市,2025-09-30,西青山三丁目,2967,1399,1568,48,53,71,50,58,60,65,67,48,54,63,72,75,68,76,89,103,110,110,92,104,110,96,102,95,103,79,91,85,94,94,147,64,95,46,63,19,48,1475,
032018,岩手県,盛岡市,2025-09-30,南青山町,1596,690,906,17,22,33,28,29,33,36,49,31,30,19,28,37,38,30,57,35,35,52,73,65,68,57,65,56,49,37,53,47,67,45,57,26,48,24,56,14,50,831,
032018,岩手県,盛岡市,2025-09-30,大新町,1263,596,667,15,22,32,22,32,23,29,13,15,15,29,31,34,39,29,35,42,37,39,40,35,44,48,44,33,55,48,53,40,53,47,47,26,34,13,32,10,28,636,
032018,岩手県,盛岡市,2025-09-30,北天昌寺町,1650,771,879,40,35,36,34,28,40,28,32,33,32,28,37,48,61,56,48,59,53,55,67,53,51,52,49,53,60,47,46,42,55,39,62,35,50,23,39,16,28,815,
032018,岩手県,盛岡市,2025-09-30,稲荷町,540,268,272,14,4,9,10,11,9,7,7,15,15,19,15,22,19,15,13,14,8,20,10,20,23,19,15,18,9,16,20,12,20,19,16,9,21,7,16,2,22,296,
032018,岩手県,盛岡市,2025-09-30,大館町,2013,943,1070,38,30,51,38,48,49,36,37,56,54,45,66,54,41,57,59,71,82,63,71,89,74,65,63,40,54,40,65,65,71,58,88,29,62,29,31,9,35,987,
032018,岩手県,盛岡市,2025-09-30,長橋町,2242,1097,1145,27,29,35,43,95,107,119,98,79,68,31,41,34,38,39,44,70,87,116,133,144,152,100,87,73,57,43,45,32,36,33,23,13,31,11,17,3,9,861,
032018,岩手県,盛岡市,2025-09-30,中堤町,2411,1127,1284,41,31,53,60,51,61,59,59,48,44,49,43,53,69,62,58,73,71,73,80,81,92,80,80,58,69,85,88,74,73,70,73,48,90,42,82,27,61,1139,
032018,岩手県,盛岡市,2025-09-30,厨川一丁目,303,148,155,6,1,2,6,5,5,7,4,16,11,6,3,10,5,8,4,12,12,2,10,8,8,10,9,11,9,14,10,11,16,11,15,6,8,0,8,3,11,178,
032018,岩手県,盛岡市,2025-09-30,厨川二丁目,1457,655,802,20,18,23,27,37,31,31,30,34,30,33,33,40,33,45,29,47,52,50,52,49,62,43,57,46,54,45,62,47,71,33,83,21,31,7,33,4,14,782,
032018,岩手県,盛岡市,2025-09-30,厨川三丁目,277,130,147,2,2,6,4,11,6,9,2,4,6,5,5,2,2,12,8,8,10,13,14,7,11,9,11,9,8,9,8,8,13,10,11,2,9,3,4,1,13,141,
032018,岩手県,盛岡市,2025-09-30,厨川四丁目,727,345,382,13,8,11,16,10,13,19,19,28,20,15,19,14,18,23,25,27,25,24,36,32,25,26,24,24,27,23,28,23,28,16,18,7,13,8,10,2,10,413,
032018,岩手県,盛岡市,2025-09-30,厨川五丁目,1257,599,658,17,11,21,10,23,28,31,28,32,24,35,26,36,25,31,21,25,44,39,40,49,35,36,33,30,57,61,45,45,71,47,71,21,34,16,35,4,20,669,
032018,岩手県,盛岡市,2025-09-30,みたけ一丁目,280,144,136,4,3,4,4,5,6,6,6,11,7,6,8,10,4,4,11,9,9,11,9,19,11,8,11,11,11,10,8,7,11,9,6,7,4,3,3,0,4,153,
032018,岩手県,盛岡市,2025-09-30,みたけ二丁目,976,480,496,20,12,21,16,19,22,32,21,27,23,33,20,29,41,28,36,25,36,42,29,44,45,33,34,34,41,37,27,18,18,13,22,8,24,15,12,2,17,491,
032018,岩手県,盛岡市,2025-09-30,みたけ三丁目,1490,676,814,25,23,32,32,26,31,36,47,40,23,26,38,32,41,38,41,44,46,46,61,66,66,50,58,55,55,44,43,29,39,35,50,25,52,17,40,10,28,701,
032018,岩手県,盛岡市,2025-09-30,みたけ四丁目,2046,950,1096,19,21,30,27,43,41,58,50,49,54,55,54,35,40,52,48,51,58,73,69,74,85,73,83,73,84,61,62,66,57,46,84,36,65,32,68,24,46,1048,
032018,岩手県,盛岡市,2025-09-30,みたけ五丁目,1247,598,649,17,12,29,22,21,24,29,24,27,26,28,33,25,25,37,27,43,50,44,38,40,55,46,47,63,63,41,45,38,46,27,38,19,30,15,28,9,16,579,
032018,岩手県,盛岡市,2025-09-30,みたけ六丁目,1430,668,762,16,12,22,23,43,44,36,55,30,37,35,41,30,26,42,42,52,54,54,58,58,56,42,55,49,56,44,52,44,51,39,46,19,28,10,17,3,9,645,
032018,岩手県,盛岡市,2025-09-30,仙北一丁目,780,363,417,10,14,10,16,16,13,14,23,27,19,27,17,24,23,19,23,17,23,30,36,35,36,27,34,23,23,12,24,18,22,23,26,16,16,12,15,3,14,420,
032018,岩手県,盛岡市,2025-09-30,仙北二丁目,1332,628,704,22,18,16,29,19,21,39,39,34,29,37,46,48,43,40,38,43,40,52,44,54,64,38,41,40,35,29,34,42,49,30,39,25,41,12,29,8,25,689,
032018,岩手県,盛岡市,2025-09-30,仙北三丁目,1339,606,733,13,11,19,16,32,35,31,37,29,28,28,35,31,39,26,24,43,51,51,47,38,43,42,52,39,46,46,54,40,49,42,52,24,42,16,37,16,35,719,
032018,岩手県,盛岡市,2025-09-30,東仙北一丁目,1505,712,793,31,23,28,30,43,43,36,38,42,35,34,46,44,28,42,57,44,52,49,70,76,58,45,63,51,41,40,36,27,44,40,50,25,28,9,27,6,24,734,
032018,岩手県,盛岡市,2025-09-30,東仙北二丁目,799,373,426,11,15,14,13,16,21,9,19,18,22,16,15,25,22,21,23,23,27,27,23,36,40,29,32,27,28,23,21,16,25,34,31,14,23,10,16,4,10,413,
032018,岩手県,盛岡市,2025-09-30,南仙北一丁目,1816,855,961,32,29,45,43,42,47,43,64,45,52,40,55,58,39,51,48,58,61,70,79,86,93,58,54,53,66,57,54,37,43,41,52,22,37,9,26,8,19,841,
032018,岩手県,盛岡市,2025-09-30,南仙北二丁目,2212,1059,1153,49,44,53,44,52,48,44,48,46,38,44,51,63,60,88,78,80,78,73,78,80,75,54,73,87,77,60,85,64,70,47,69,35,57,19,37,21,43,1074,
032018,岩手県,盛岡市,2025-09-30,南仙北三丁目,1245,580,665,26,27,41,40,47,41,31,29,18,16,21,30,39,40,30,36,61,58,51,56,38,48,35,24,24,38,22,48,46,41,24,37,11,19,9,22,6,15,539,
032018,岩手県,盛岡市,2025-09-30,西仙北一丁目（※5）,1628,717,911,21,16,22,24,18,24,23,29,48,32,53,48,63,46,45,47,42,61,38,48,62,74,39,76,52,76,46,57,51,73,35,70,31,52,16,31,12,27,945,※5　仙北町字佐兵衛新田を含む。
032018,岩手県,盛岡市,2025-09-30,西仙北二丁目,969,461,508,12,13,14,14,10,18,30,23,23,19,30,31,41,29,37,44,38,30,27,45,39,47,41,42,25,20,27,35,28,27,17,13,7,26,11,17,4,15,559,
032018,岩手県,盛岡市,2025-09-30,本宮一丁目,1546,736,810,17,25,31,36,33,32,55,39,28,35,36,23,33,34,34,48,56,55,70,73,82,86,43,74,68,51,35,47,35,35,39,43,19,31,14,24,8,19,765,
032018,岩手県,盛岡市,2025-09-30,本宮二丁目,1422,660,762,19,18,28,37,40,34,37,29,35,39,33,44,33,41,42,38,50,59,45,60,61,55,53,67,52,54,42,33,28,39,24,33,16,26,13,36,9,20,696,
032018,岩手県,盛岡市,2025-09-30,本宮三丁目,1517,707,810,23,24,26,20,28,34,23,32,47,48,41,31,54,38,50,51,45,57,59,60,65,61,54,58,50,52,33,49,29,55,31,42,25,28,12,38,12,32,800,
032018,岩手県,盛岡市,2025-09-30,本宮四丁目,1224,585,639,22,20,17,25,25,30,31,22,29,29,39,29,21,27,35,30,37,51,48,47,65,58,46,47,44,42,32,40,29,43,21,25,20,35,18,22,6,17,608,
032018,岩手県,盛岡市,2025-09-30,本宮五丁目,193,90,103,2,8,3,1,1,4,8,4,3,4,6,8,9,4,6,4,7,9,5,7,7,9,8,8,8,6,4,5,4,4,3,5,4,6,1,4,1,3,89,
032018,岩手県,盛岡市,2025-09-30,本宮六丁目,1430,693,737,23,23,29,29,28,31,39,43,44,40,32,30,46,35,31,44,48,44,64,67,84,79,74,68,37,46,31,25,23,31,28,28,18,33,9,19,5,22,711,
032018,岩手県,盛岡市,2025-09-30,本宮七丁目,604,279,325,10,13,5,7,14,13,9,8,23,9,18,18,13,22,16,19,12,19,29,34,31,36,25,22,23,26,12,15,7,19,13,16,7,12,8,10,4,7,311,
032018,岩手県,盛岡市,2025-09-30,向中野一丁目,915,419,496,21,16,23,19,21,25,24,36,20,30,18,19,30,23,15,29,37,29,35,44,50,54,28,28,19,29,24,20,13,28,20,19,9,20,7,14,5,14,422,
032018,岩手県,盛岡市,2025-09-30,向中野二丁目,2055,1005,1050,58,67,70,65,67,72,74,70,37,49,50,50,76,81,85,87,86,83,81,100,119,100,67,69,45,48,32,21,21,21,17,20,10,23,5,10,5,14,840,
032018,岩手県,盛岡市,2025-09-30,向中野三丁目,1262,619,643,35,30,34,29,56,37,45,38,30,38,48,46,36,40,33,42,38,47,66,66,62,75,35,31,24,29,18,17,14,16,18,21,9,16,12,13,6,12,542,
032018,岩手県,盛岡市,2025-09-30,向中野四丁目,1259,599,660,18,18,31,29,39,48,43,44,37,50,35,38,41,39,32,54,39,48,71,61,68,69,46,38,27,35,20,20,17,16,15,20,11,14,7,10,2,9,599,
032018,岩手県,盛岡市,2025-09-30,向中野五丁目,1302,625,677,46,39,47,61,45,45,33,46,25,30,34,32,50,51,56,52,48,61,65,77,56,48,34,33,23,24,23,18,16,12,10,11,7,13,4,9,3,15,535,
032018,岩手県,盛岡市,2025-09-30,向中野六丁目,691,362,329,27,21,34,23,30,27,17,17,16,7,17,17,26,30,38,38,32,24,32,30,31,30,17,14,8,8,8,5,9,8,5,11,8,8,3,9,4,2,270,
032018,岩手県,盛岡市,2025-09-30,向中野七丁目,1199,577,622,57,37,42,58,41,49,17,21,20,23,35,46,65,76,69,67,57,58,54,40,35,38,22,19,18,16,6,9,12,16,11,14,8,11,2,16,6,8,518,
032018,岩手県,盛岡市,2025-09-30,向中野八丁目,1115,545,570,52,38,57,76,55,51,18,16,13,17,28,34,45,48,75,82,69,82,51,33,36,21,16,16,7,7,5,10,4,10,4,8,6,3,2,6,2,12,450,
032018,岩手県,盛岡市,2025-09-30,太田一丁目,701,335,366,11,12,17,13,19,13,14,11,16,12,21,21,16,22,17,22,24,21,28,28,32,29,21,31,18,28,20,18,19,22,15,26,14,15,9,11,4,11,346,
032018,岩手県,盛岡市,2025-09-30,太田二丁目,428,206,222,10,13,14,9,8,9,11,11,11,7,13,23,15,16,16,12,12,9,17,20,16,15,8,13,11,8,11,14,13,12,6,11,4,7,8,7,2,6,192,
032018,岩手県,盛岡市,2025-09-30,太田三丁目,658,302,356,16,19,20,22,20,20,15,12,12,9,23,28,23,34,28,38,29,28,22,22,19,24,18,15,11,20,9,9,16,13,11,16,4,14,5,4,1,9,313,
032018,岩手県,盛岡市,2025-09-30,太田四丁目,390,185,205,31,31,11,10,7,5,8,4,2,7,10,15,26,35,24,20,16,13,7,8,5,9,5,8,5,10,8,4,4,2,6,8,6,7,2,8,2,1,153,
032018,岩手県,盛岡市,2025-09-30,太田五丁目,735,359,376,25,33,50,29,19,22,12,13,6,11,27,24,36,38,32,37,34,33,28,27,21,20,14,15,11,9,14,11,7,11,10,18,8,12,2,1,3,12,282,
032018,岩手県,盛岡市,2025-09-30,太田六丁目,623,287,336,10,13,16,13,25,21,26,21,12,15,17,27,23,27,16,14,23,29,19,34,32,28,18,19,12,13,13,12,7,9,8,13,6,10,1,10,3,8,271,
032018,岩手県,盛岡市,2025-09-30,太田七丁目,650,324,326,35,34,33,30,21,17,10,8,12,17,26,27,30,43,32,35,36,32,24,21,23,18,10,5,10,4,2,6,6,10,8,9,2,6,2,2,2,2,271,
032018,岩手県,盛岡市,2025-09-30,太田八丁目,716,371,345,56,36,35,27,8,13,10,8,11,7,23,23,57,60,53,46,27,23,17,17,20,13,13,13,5,9,12,10,9,13,8,9,3,5,3,8,1,5,289,
032018,岩手県,盛岡市,2025-09-30,前潟一丁目,262,123,139,3,6,6,7,10,6,8,8,5,7,7,4,7,12,9,8,12,12,14,14,12,12,7,4,7,9,2,2,5,9,2,2,5,10,1,5,1,2,123,
032018,岩手県,盛岡市,2025-09-30,前潟二丁目（※4）,56,24,32,0,1,0,1,0,2,0,0,0,2,5,2,1,5,2,1,1,2,3,3,2,4,2,0,1,4,2,1,4,4,1,0,0,0,0,0,0,0,35,※4　前潟三丁目を含む。
032018,岩手県,盛岡市,2025-09-30,前潟四丁目,42,16,26,0,1,1,2,0,4,2,4,0,2,0,0,0,0,1,0,2,2,1,3,5,4,2,0,0,0,0,2,1,0,1,1,0,1,0,0,0,0,13,
032018,岩手県,盛岡市,2025-09-30,湯沢東一丁目,66,36,30,0,0,1,0,1,0,0,0,2,1,1,0,0,0,2,2,2,0,2,2,3,0,1,3,0,1,3,4,7,11,8,1,2,0,0,5,1,0,36,
032018,岩手県,盛岡市,2025-09-30,湯沢東二丁目,236,115,121,1,1,3,1,4,5,3,2,4,2,1,2,4,3,2,7,9,1,11,5,3,6,9,6,7,10,7,16,16,21,23,19,5,10,3,2,0,2,115,
032018,岩手県,盛岡市,2025-09-30,湯沢東三丁目,336,177,159,3,2,0,5,8,3,7,8,6,6,2,2,10,8,10,9,13,4,24,13,9,9,16,16,14,19,18,19,12,18,9,9,9,4,6,2,1,3,198,
032018,岩手県,盛岡市,2025-09-30,湯沢西一丁目,243,118,125,3,5,1,1,3,0,8,2,5,5,1,4,3,3,3,3,0,3,9,7,9,12,9,7,6,5,5,7,15,19,18,20,14,12,5,8,1,2,111,
032018,岩手県,盛岡市,2025-09-30,湯沢西二丁目,192,97,95,2,0,4,3,4,3,5,0,6,0,1,2,6,2,6,2,6,6,8,9,3,11,4,4,1,0,2,10,10,10,12,15,13,12,3,1,1,5,99,
032018,岩手県,盛岡市,2025-09-30,湯沢西三丁目,208,111,97,2,1,0,2,3,2,3,3,2,3,5,1,1,1,10,2,7,2,4,3,7,5,7,9,5,9,8,10,12,15,18,11,7,11,7,4,3,3,102,
032018,岩手県,盛岡市,2025-09-30,湯沢南一丁目,458,236,222,3,5,4,6,10,5,15,5,8,3,6,4,6,9,15,9,14,13,11,12,18,15,11,10,19,27,24,31,31,27,22,20,15,11,3,6,1,4,207,
032018,岩手県,盛岡市,2025-09-30,湯沢南二丁目,596,295,301,3,3,8,8,12,10,6,11,11,10,7,5,9,8,19,16,23,19,26,14,11,18,16,15,27,37,41,52,35,32,22,16,11,14,6,5,2,8,260,
032018,岩手県,盛岡市,2025-09-30,流通センター北一丁目,151,81,70,1,2,2,1,3,4,6,1,5,4,5,3,4,2,4,1,4,4,5,7,8,6,8,8,3,5,10,7,7,6,4,5,2,3,0,1,0,0,90,
032018,岩手県,盛岡市,2025-09-30,北飯岡一丁目,366,191,175,10,10,6,7,10,6,8,12,14,14,23,7,14,17,15,12,12,19,27,19,18,12,10,8,4,5,4,3,4,6,2,3,2,3,3,4,5,8,189,
032018,岩手県,盛岡市,2025-09-30,北飯岡二丁目,1098,534,564,32,34,30,46,48,43,20,27,16,22,41,47,46,38,52,44,47,59,58,50,39,43,38,29,26,22,8,8,9,14,11,16,5,8,2,7,6,7,477,
032018,岩手県,盛岡市,2025-09-30,北飯岡三丁目,827,406,421,17,21,24,25,36,40,27,24,19,25,25,24,22,32,46,33,41,38,43,39,35,37,18,19,17,13,8,16,16,10,6,8,2,5,3,10,1,2,343,
032018,岩手県,盛岡市,2025-09-30,北飯岡四丁目,387,184,203,6,12,9,10,20,21,18,12,10,5,7,14,20,18,13,13,15,25,23,26,15,15,8,5,7,8,3,6,2,3,6,3,0,4,1,2,1,1,154,
032018,岩手県,盛岡市,2025-09-30,津志田町一丁目,514,249,265,14,9,16,8,17,21,17,17,18,26,9,14,18,14,13,21,25,22,16,24,23,21,20,15,17,16,8,5,6,6,5,10,4,8,2,5,1,3,255,
032018,岩手県,盛岡市,2025-09-30,津志田町二丁目,569,290,279,14,12,19,12,12,17,17,11,16,10,10,11,10,13,17,16,22,24,27,22,21,22,21,21,27,18,18,16,17,15,10,13,4,11,7,9,1,6,265,
032018,岩手県,盛岡市,2025-09-30,津志田町三丁目,208,103,105,1,1,8,3,7,5,7,4,4,8,4,5,3,6,2,5,9,8,6,10,15,15,11,8,7,0,9,3,4,5,2,5,3,3,1,2,0,9,112,
032018,岩手県,盛岡市,2025-09-30,津志田西一丁目,949,445,504,20,17,23,18,19,25,28,17,17,26,27,25,21,32,35,34,32,34,32,31,32,35,29,28,30,37,21,34,28,32,27,27,8,16,12,20,4,16,507,
032018,岩手県,盛岡市,2025-09-30,津志田西二丁目,696,321,375,8,9,9,10,13,22,27,31,17,15,14,15,15,11,21,17,24,29,34,38,42,42,30,27,20,32,16,18,11,15,11,10,3,15,5,11,1,8,324,
032018,岩手県,盛岡市,2025-09-30,津志田中央一丁目,502,240,262,6,11,11,12,17,13,16,15,20,12,13,14,15,19,17,16,17,28,30,28,26,27,19,21,10,12,3,9,7,10,7,6,2,6,2,2,2,1,260,
032018,岩手県,盛岡市,2025-09-30,津志田中央二丁目,602,310,292,9,6,10,8,12,11,19,17,16,18,20,12,21,21,32,19,30,28,23,28,32,23,24,26,18,22,13,16,14,14,6,10,5,5,2,3,4,5,334,
032018,岩手県,盛岡市,2025-09-30,津志田中央三丁目,1367,659,708,16,10,26,24,39,37,42,48,47,36,35,36,26,29,41,29,26,38,73,68,55,60,59,75,45,45,29,38,36,44,30,40,19,27,7,13,8,11,713,
032018,岩手県,盛岡市,2025-09-30,津志田南一丁目,337,156,181,5,7,3,6,5,7,9,7,8,5,6,6,6,14,13,7,7,12,12,12,12,6,19,18,12,15,8,13,11,10,6,10,10,14,3,9,1,3,170,
032018,岩手県,盛岡市,2025-09-30,津志田南二丁目,769,352,417,10,11,13,19,25,18,20,22,18,20,19,16,12,17,23,29,21,31,30,25,29,37,26,35,27,20,13,18,15,25,23,30,17,25,7,15,4,4,379,
032018,岩手県,盛岡市,2025-09-30,津志田南三丁目,689,349,340,16,12,23,6,14,15,15,14,18,21,32,24,25,23,26,28,22,22,29,26,29,35,21,19,25,22,15,18,14,13,17,17,5,15,1,2,2,8,350,
032018,岩手県,盛岡市,2025-09-30,三ツ割字,626,305,321,5,8,9,4,10,11,12,14,9,11,10,8,20,15,13,8,8,18,17,20,25,25,31,32,28,27,37,34,25,26,26,27,13,13,6,8,1,12,289,
032018,岩手県,盛岡市,2025-09-30,山岸字,259,112,147,2,2,3,5,6,5,2,3,0,3,3,3,5,3,4,12,10,8,10,6,6,7,9,16,13,5,7,13,9,11,12,17,5,14,4,9,2,5,129,
032018,岩手県,盛岡市,2025-09-30,上田字（※1）,674,359,315,17,10,14,10,23,20,22,18,16,9,25,13,21,12,20,13,17,20,24,21,30,25,27,17,19,13,19,19,19,22,22,24,11,22,7,13,6,14,366,※1　糠森，小野松を除く。
032018,岩手県,盛岡市,2025-09-30,下米内字,200,105,95,1,2,3,2,5,4,4,2,5,2,3,2,2,1,0,3,6,7,5,4,9,5,8,10,11,6,9,6,12,15,14,9,4,5,2,5,2,5,95,
032018,岩手県,盛岡市,2025-09-30,上米内字,1009,504,505,7,5,7,15,15,11,11,13,11,9,12,10,13,9,18,18,31,25,42,22,26,27,37,30,41,23,58,54,62,63,68,64,19,49,17,27,9,31,530,
032018,岩手県,盛岡市,2025-09-30,新庄字,147,80,67,0,1,0,2,0,3,4,2,2,1,8,1,5,2,5,5,5,6,7,4,7,4,9,3,8,1,5,7,5,6,7,4,1,8,1,4,1,3,96,
032018,岩手県,盛岡市,2025-09-30,浅岸字,436,216,220,1,3,9,7,8,14,15,17,12,7,8,10,9,4,9,6,8,11,16,15,24,20,23,26,16,18,22,13,12,16,10,10,6,8,8,9,0,6,195,
032018,岩手県,盛岡市,2025-09-30,東中野字,1772,830,942,38,46,42,41,37,50,41,36,33,35,34,35,46,56,52,60,58,53,59,65,66,70,56,59,66,65,52,59,56,54,40,56,30,43,15,38,9,21,826,
032018,岩手県,盛岡市,2025-09-30,東安庭字,295,143,152,2,3,6,5,6,12,5,2,4,0,4,5,10,7,4,4,10,10,12,9,11,6,8,8,7,13,20,16,10,19,12,11,6,11,5,6,1,5,128,
032018,岩手県,盛岡市,2025-09-30,門字,209,106,103,0,1,4,2,3,5,8,4,2,2,1,3,11,3,5,1,11,4,8,3,5,7,7,7,4,11,11,7,8,8,6,11,6,9,3,4,3,11,91,
032018,岩手県,盛岡市,2025-09-30,砂子沢,60,29,31,0,0,0,0,0,0,0,0,0,0,0,0,0,0,2,0,0,0,1,0,2,1,2,0,2,2,2,1,8,7,3,4,3,6,3,3,1,7,41,
032018,岩手県,盛岡市,2025-09-30,根田茂,30,15,15,0,0,0,0,1,0,0,0,0,1,0,0,0,0,0,0,0,0,0,0,2,1,2,2,1,0,3,0,2,4,3,3,0,1,1,1,0,2,17,
032018,岩手県,盛岡市,2025-09-30,簗川,52,23,29,0,0,0,0,0,1,0,1,1,1,1,0,2,0,1,2,1,0,0,0,1,1,2,0,2,3,4,4,2,1,1,2,1,5,2,7,2,1,25,
032018,岩手県,盛岡市,2025-09-30,川目,911,457,454,4,5,7,5,18,18,8,9,24,17,20,7,13,13,16,15,19,21,53,25,39,38,30,25,28,33,47,46,52,44,36,46,18,42,16,27,9,18,458,
032018,岩手県,盛岡市,2025-09-30,下厨川字,141,94,47,2,2,2,0,3,0,3,4,13,7,17,7,8,3,5,6,3,1,4,2,10,3,12,7,6,0,2,2,3,1,0,1,0,1,1,0,0,0,104,
032018,岩手県,盛岡市,2025-09-30,上厨川字,1102,522,580,7,8,18,15,30,26,35,24,17,15,25,17,25,16,19,23,24,23,40,37,49,38,36,35,37,40,40,46,31,37,34,49,28,50,19,44,8,37,523,
032018,岩手県,盛岡市,2025-09-30,平賀新田字,272,143,129,5,2,5,3,6,5,6,4,7,5,11,5,5,4,6,6,6,3,6,16,14,9,13,7,9,8,7,4,10,18,14,10,5,8,5,10,3,2,122,
032018,岩手県,盛岡市,2025-09-30,土淵字,310,142,168,3,2,5,6,5,6,3,6,5,6,5,2,4,4,4,7,11,8,14,7,14,9,7,5,8,8,11,17,18,23,12,11,7,17,6,9,0,15,132,
032018,岩手県,盛岡市,2025-09-30,本宮字,1171,563,608,15,15,13,16,23,16,36,32,19,23,18,13,27,18,22,17,35,34,45,55,41,40,37,30,33,38,35,40,44,42,43,66,44,47,23,33,10,33,518,
032018,岩手県,盛岡市,2025-09-30,向中野字,1155,559,596,85,80,68,55,30,39,22,22,6,12,25,39,67,83,83,88,57,56,37,25,22,22,13,17,10,8,10,15,10,4,5,11,4,8,5,8,0,4,408,
032018,岩手県,盛岡市,2025-09-30,下鹿妻字,383,176,207,2,2,7,6,14,8,10,13,9,10,3,11,4,2,6,7,17,13,14,20,15,14,12,14,16,9,9,13,11,16,16,21,8,14,2,9,1,5,147,
032018,岩手県,盛岡市,2025-09-30,上太田,1520,732,788,10,7,16,22,26,27,29,24,25,21,26,19,15,20,24,15,41,38,59,55,68,56,56,59,62,37,59,66,73,92,77,83,39,53,19,48,8,46,705,
032018,岩手県,盛岡市,2025-09-30,中太田,679,330,349,3,9,10,11,6,8,15,5,7,6,16,6,9,9,12,12,18,19,19,14,36,22,22,29,38,24,22,29,39,42,30,42,12,23,8,25,8,14,317,
032018,岩手県,盛岡市,2025-09-30,下太田,521,248,273,10,8,5,11,10,8,9,11,9,8,10,13,12,12,12,13,25,15,23,13,13,16,12,18,12,8,22,18,19,25,20,33,13,18,5,15,7,10,252,
032018,岩手県,盛岡市,2025-09-30,猪去,472,209,263,5,2,2,4,8,8,10,10,10,7,4,2,3,5,7,5,13,11,17,17,16,14,14,14,15,14,15,22,27,28,20,24,11,26,7,15,5,35,210,
032018,岩手県,盛岡市,2025-09-30,上鹿妻,603,306,297,5,3,8,16,11,14,18,7,15,2,7,5,9,6,20,13,25,29,18,12,16,8,18,10,22,24,27,32,37,40,25,24,10,21,6,16,9,15,269,
032018,岩手県,盛岡市,2025-09-30,繋字,706,319,387,4,3,0,6,6,8,5,14,11,11,17,8,17,6,7,9,16,20,25,17,26,27,18,29,32,25,25,27,27,43,34,35,19,36,20,29,10,34,423,
032018,岩手県,盛岡市,2025-09-30,東見前,2698,1314,1384,63,53,77,63,52,65,50,50,52,50,74,74,92,88,94,93,109,113,116,92,88,104,74,78,65,70,81,83,87,89,66,103,41,62,24,37,9,17,1309,
032018,岩手県,盛岡市,2025-09-30,西見前,5057,2414,2643,88,76,110,95,138,146,138,139,101,114,101,110,115,119,164,158,166,161,187,195,184,205,160,143,142,174,149,155,161,178,149,192,102,144,42,76,17,63,2270,
032018,岩手県,盛岡市,2025-09-30,三本柳,7088,3474,3614,152,136,220,184,181,168,173,160,160,142,192,202,216,214,233,280,259,249,307,279,302,283,196,209,177,179,163,181,176,189,172,226,115,170,50,85,30,78,3340,
032018,岩手県,盛岡市,2025-09-30,津志田,2749,1297,1452,73,75,66,78,67,43,50,60,44,51,65,88,106,120,101,101,88,94,86,89,102,107,85,78,76,77,55,78,75,63,70,94,44,62,29,61,15,33,1311,
032018,岩手県,盛岡市,2025-09-30,永井,8232,3859,4373,132,153,160,188,193,189,209,183,156,186,210,210,223,229,259,268,274,298,267,301,329,342,241,253,237,247,232,270,273,292,241,334,130,189,63,133,30,108,3872,
032018,岩手県,盛岡市,2025-09-30,下飯岡,1033,501,532,7,3,22,19,23,27,21,22,22,16,15,7,19,22,28,26,38,30,37,37,33,29,30,37,38,34,38,50,50,53,37,52,23,24,16,28,4,16,446,
032018,岩手県,盛岡市,2025-09-30,上飯岡,729,355,374,5,2,4,8,12,12,16,15,16,10,8,6,10,13,15,16,24,15,28,26,27,20,22,15,30,29,29,30,42,46,40,37,18,25,6,17,3,32,350,
032018,岩手県,盛岡市,2025-09-30,飯岡新田,174,82,92,3,4,3,4,2,2,2,2,0,2,3,1,6,3,8,9,7,6,4,6,9,5,2,1,3,5,7,10,12,9,4,11,2,4,3,3,2,5,67,
032018,岩手県,盛岡市,2025-09-30,羽場,678,334,344,5,2,4,4,23,8,14,11,10,12,5,6,3,8,20,9,18,19,33,22,26,22,22,22,18,24,24,38,30,37,36,42,19,18,14,20,10,20,299,
032018,岩手県,盛岡市,2025-09-30,湯沢,699,335,364,4,6,6,10,10,14,15,13,13,9,12,6,10,8,20,14,23,25,26,17,24,22,23,12,28,33,25,38,30,29,33,35,13,27,14,24,6,22,284,
032018,岩手県,盛岡市,2025-09-30,乙部,2051,1015,1036,17,30,33,22,34,22,53,36,35,39,45,37,42,33,46,50,60,64,82,58,82,67,66,67,63,76,83,79,84,106,103,102,54,64,24,43,9,41,948,
032018,岩手県,盛岡市,2025-09-30,大ケ生,254,125,129,2,0,3,3,3,3,1,6,3,2,3,3,2,0,7,1,6,5,7,5,12,6,9,7,16,12,12,16,13,10,13,21,9,8,3,12,1,9,116,
032018,岩手県,盛岡市,2025-09-30,黒川,2615,1265,1350,31,31,38,43,51,58,79,71,65,78,51,51,59,40,54,60,73,74,76,75,105,103,98,93,107,96,94,114,97,91,81,120,61,74,29,43,16,35,1172,
032018,岩手県,盛岡市,2025-09-30,手代森,1969,979,990,16,15,23,25,35,28,39,37,26,40,32,25,40,24,52,32,59,46,73,52,76,75,63,76,87,98,115,100,93,91,75,95,32,42,25,43,18,46,909,
032018,岩手県,盛岡市,2025-09-30,松内字,195,98,97,0,0,1,0,5,3,2,3,8,4,8,2,3,1,2,3,6,7,7,4,5,5,7,9,8,6,7,8,15,10,5,12,3,9,6,3,0,8,74,
032018,岩手県,盛岡市,2025-09-30,好摩字,3053,1471,1582,32,23,38,49,68,50,71,71,58,56,62,45,76,52,71,60,84,93,97,92,98,113,94,103,113,97,127,123,144,162,107,135,59,102,46,81,26,75,1442,
032018,岩手県,盛岡市,2025-09-30,玉山永井字,186,93,93,2,1,1,0,0,0,3,1,0,0,2,1,3,6,4,3,2,1,6,5,3,2,4,5,13,12,13,7,14,9,10,13,5,6,5,11,3,10,86,
032018,岩手県,盛岡市,2025-09-30,寺林字,182,83,99,0,1,1,1,3,2,4,5,2,1,1,1,1,2,2,3,7,8,3,7,3,1,6,7,7,7,12,14,10,12,11,9,3,2,2,9,5,7,81,
032018,岩手県,盛岡市,2025-09-30,巻堀字,183,89,94,2,0,1,1,0,3,3,4,3,2,3,3,4,1,1,3,6,4,3,2,5,7,9,8,12,5,10,7,14,14,1,6,6,7,3,8,3,9,73,
032018,岩手県,盛岡市,2025-09-30,玉山馬場字,283,144,139,0,1,3,3,0,4,0,4,3,1,5,4,7,2,4,4,4,4,6,9,8,5,12,10,16,11,26,15,15,10,14,11,8,8,8,15,5,18,140,
032018,岩手県,盛岡市,2025-09-30,芋田字,382,211,171,2,1,3,4,2,1,7,5,21,28,25,11,9,4,17,3,11,3,9,6,14,13,18,10,11,8,12,13,21,18,13,14,10,8,5,11,1,10,226,
032018,岩手県,盛岡市,2025-09-30,渋民字,1923,926,997,47,38,53,57,64,57,61,47,35,61,41,48,56,62,57,55,62,62,77,88,78,54,51,41,45,49,47,59,49,57,56,50,25,41,15,37,7,34,833,
032018,岩手県,盛岡市,2025-09-30,門前寺字,162,86,76,0,1,5,0,1,0,3,1,2,2,6,1,1,2,4,1,6,2,5,5,9,5,7,3,5,10,10,8,8,9,7,8,6,8,0,3,1,7,69,
032018,岩手県,盛岡市,2025-09-30,下田字,2701,1323,1378,25,17,32,35,61,40,67,47,45,36,30,32,30,26,57,54,95,86,78,68,88,75,99,82,111,102,121,152,143,125,112,121,71,104,31,80,27,96,1240,
032018,岩手県,盛岡市,2025-09-30,川崎字,116,52,64,1,2,2,0,1,0,4,3,3,2,0,1,1,0,1,5,2,2,2,4,7,8,3,6,4,2,4,7,8,8,5,7,3,1,0,3,1,3,45,
032018,岩手県,盛岡市,2025-09-30,玉山字,398,198,200,1,5,8,6,4,7,8,7,7,4,1,2,3,3,7,7,12,11,13,9,10,14,10,7,8,10,27,30,33,24,24,15,10,9,9,14,3,16,173,
032018,岩手県,盛岡市,2025-09-30,日戸字,281,146,135,4,1,2,0,3,4,5,4,1,5,4,4,5,3,5,1,7,8,11,10,13,11,7,6,15,11,16,14,23,14,13,16,3,7,6,7,3,9,114,
032018,岩手県,盛岡市,2025-09-30,川又字,304,163,141,2,3,4,0,9,4,6,8,9,4,5,3,5,4,9,3,9,7,14,10,13,10,10,9,13,8,14,16,21,15,8,15,4,6,6,13,2,3,127,
032018,岩手県,盛岡市,2025-09-30,上田字（※2）,28,13,15,0,2,0,0,0,0,0,0,0,0,1,0,1,1,0,1,0,1,1,0,2,0,0,1,0,1,1,1,3,2,2,2,1,0,0,1,1,2,19,※2　糠森，小野松
032018,岩手県,盛岡市,2025-09-30,薮川字,153,89,64,0,0,0,0,1,0,0,0,1,0,3,0,2,0,2,2,3,0,8,1,3,2,5,4,9,3,10,13,17,13,7,9,10,4,5,8,3,5,96,
